{
  "dynamic_means":{
    "hour_from_admission":24.0940058894,
    "heart_rate":89.1299020222,
    "respiratory_rate":20.2441268576,
    "spo2_pct":93.4806576695,
    "temperature_c":36.9617299471,
    "systolic_bp":113.6136728235,
    "diastolic_bp":70.4564220726,
    "oxygen_flow":8.0330755647,
    "mobility_score":2.2805844429,
    "nurse_alert":0.2229325846,
    "wbc_count":9.186476907,
    "lactate":1.9860397488,
    "creatinine":1.321988319,
    "crp_level":34.038949979,
    "hemoglobin":13.2946590587,
    "sepsis_risk_score":0.4927240444,
    "mean_arterial_pressure":84.8421723229,
    "pulse_pressure":43.1572507509,
    "shock_index":0.8254358955,
    "spo2_deficit":6.5193423305
  },
  "dynamic_stds":{
    "hour_from_admission":16.9271528235,
    "heart_rate":21.0072133016,
    "respiratory_rate":6.8785059833,
    "spo2_pct":5.9737746416,
    "temperature_c":0.4477791583,
    "systolic_bp":17.0472932086,
    "diastolic_bp":10.7455498928,
    "oxygen_flow":16.3212121496,
    "mobility_score":0.9270981174,
    "nurse_alert":0.4162144816,
    "wbc_count":4.0467969429,
    "lactate":1.5143888182,
    "creatinine":0.6679157724,
    "crp_level":35.812037019,
    "hemoglobin":1.1526539637,
    "sepsis_risk_score":0.2228673823,
    "mean_arterial_pressure":10.9650798365,
    "pulse_pressure":15.5327861284,
    "shock_index":0.3577077053,
    "spo2_deficit":5.9737746416
  },
  "static_means":{
    "age":53.8678693368,
    "comorbidity_index":3.9779341988
  },
  "static_stds":{
    "age":21.2618900365,
    "comorbidity_index":2.5886024578
  },
  "categories":{
    "oxygen_device":[
      "hfnc",
      "mask",
      "nasal",
      "niv",
      "none"
    ],
    "gender":[
      "F",
      "M"
    ],
    "admission_type":[
      "ED",
      "Elective",
      "Transfer"
    ]
  }
}