model,pr_auc,roc_auc,brier_score
repo_catboost_subsample_fulltrain,0.7329526120839961,0.9629661327616525,0.028640501241253554
repo_catboost_low_lr_fulltrain,0.7298323520931906,0.964477687581522,0.03189800594568807
repo_catboost_base_fulltrain,0.7230127116242616,0.9627530186941607,0.03439915322232436
manual_cpu_conservative_fulltrain,0.7062167355696487,0.9639419634520184,0.045504498504816325
random_catboost_03_fulltrain,0.6959831606287181,0.9641791465948172,0.05756231845020245
