{
  "roc_auc": 0.9620987001781611,
  "pr_auc": 0.7322909147293607,
  "brier_score": 0.02786553630502836
}